,car_make,make_id,car_model,model_id,links_ads,download_date_time,id_ad
0,Porsche,20100,997,17,https://suchen.mobile.de/fahrzeuge/details.html?id=380043353&dam=0&fr=2009%3A2011&isSearchRequest=true&ms=20100%3B17%3B%3B&pageNumber=7&pw=%3A295&ref=srp&refId=88a9c63e-950f-1558-9fc1-cca59e925faf&sb=rel&searchId=88a9c63e-950f-1558-9fc1-cca59e925faf&vc=Car,26/11/2023 20:20:45,380043353
1,Porsche,20100,997,17,https://suchen.mobile.de/fahrzeuge/details.html?id=376392454&dam=0&fr=2009%3A2011&isSearchRequest=true&ms=20100%3B17%3B%3B&pageNumber=7&pw=%3A295&ref=srp&refId=88a9c63e-950f-1558-9fc1-cca59e925faf&sb=rel&searchId=88a9c63e-950f-1558-9fc1-cca59e925faf&vc=Car,26/11/2023 20:20:45,376392454
2,Porsche,20100,997,17,https://suchen.mobile.de/fahrzeuge/details.html?id=367309574&dam=0&fr=2009%3A2011&isSearchRequest=true&ms=20100%3B17%3B%3B&pageNumber=7&pw=%3A295&ref=srp&refId=88a9c63e-950f-1558-9fc1-cca59e925faf&sb=rel&searchId=88a9c63e-950f-1558-9fc1-cca59e925faf&vc=Car,26/11/2023 20:20:45,367309574
3,Porsche,20100,997,17,https://suchen.mobile.de/fahrzeuge/details.html?id=378047641&dam=0&fr=2009%3A2011&isSearchRequest=true&ms=20100%3B17%3B%3B&pageNumber=7&pw=%3A295&ref=srp&refId=88a9c63e-950f-1558-9fc1-cca59e925faf&sb=rel&searchId=88a9c63e-950f-1558-9fc1-cca59e925faf&vc=Car,26/11/2023 20:20:45,378047641
4,Porsche,20100,997,17,https://suchen.mobile.de/fahrzeuge/details.html?id=342406831&dam=0&fr=2009%3A2011&isSearchRequest=true&ms=20100%3B17%3B%3B&pageNumber=7&pw=%3A295&ref=srp&refId=88a9c63e-950f-1558-9fc1-cca59e925faf&sb=rel&searchId=88a9c63e-950f-1558-9fc1-cca59e925faf&vc=Car,26/11/2023 20:20:45,342406831
5,Porsche,20100,997,17,https://suchen.mobile.de/fahrzeuge/details.html?id=370723556&dam=0&fr=2009%3A2011&isSearchRequest=true&ms=20100%3B17%3B%3B&pageNumber=7&pw=%3A295&ref=srp&refId=88a9c63e-950f-1558-9fc1-cca59e925faf&sb=rel&searchId=88a9c63e-950f-1558-9fc1-cca59e925faf&vc=Car,26/11/2023 20:20:45,370723556
6,Porsche,20100,997,17,https://suchen.mobile.de/fahrzeuge/details.html?id=378468132&dam=0&fr=2009%3A2011&isSearchRequest=true&ms=20100%3B17%3B%3B&pageNumber=7&pw=%3A295&ref=srp&refId=88a9c63e-950f-1558-9fc1-cca59e925faf&sb=rel&searchId=88a9c63e-950f-1558-9fc1-cca59e925faf&vc=Car,26/11/2023 20:20:45,378468132
7,Porsche,20100,997,17,https://suchen.mobile.de/fahrzeuge/details.html?id=373828321&dam=0&fr=2009%3A2011&isSearchRequest=true&ms=20100%3B17%3B%3B&pageNumber=7&pw=%3A295&ref=srp&refId=88a9c63e-950f-1558-9fc1-cca59e925faf&sb=rel&searchId=88a9c63e-950f-1558-9fc1-cca59e925faf&vc=Car,26/11/2023 20:20:45,373828321
8,Porsche,20100,997,17,https://suchen.mobile.de/fahrzeuge/details.html?id=342771816&dam=0&fr=2009%3A2011&isSearchRequest=true&ms=20100%3B17%3B%3B&pageNumber=7&pw=%3A295&ref=srp&refId=88a9c63e-950f-1558-9fc1-cca59e925faf&sb=rel&searchId=88a9c63e-950f-1558-9fc1-cca59e925faf&vc=Car,26/11/2023 20:20:45,342771816
9,Porsche,20100,997,17,https://suchen.mobile.de/fahrzeuge/details.html?id=369110892&dam=0&fr=2009%3A2011&isSearchRequest=true&ms=20100%3B17%3B%3B&pageNumber=7&pw=%3A295&ref=srp&refId=88a9c63e-950f-1558-9fc1-cca59e925faf&sb=rel&searchId=88a9c63e-950f-1558-9fc1-cca59e925faf&vc=Car,26/11/2023 20:20:45,369110892
10,Porsche,20100,997,17,https://suchen.mobile.de/fahrzeuge/details.html?id=339393390&dam=0&fr=2009%3A2011&isSearchRequest=true&ms=20100%3B17%3B%3B&pageNumber=7&pw=%3A295&ref=srp&refId=88a9c63e-950f-1558-9fc1-cca59e925faf&sb=rel&searchId=88a9c63e-950f-1558-9fc1-cca59e925faf&vc=Car,26/11/2023 20:20:45,339393390
11,Porsche,20100,997,17,https://suchen.mobile.de/fahrzeuge/details.html?id=379848311&action=eyeCatcher&dam=0&fr=2009%3A2011&isSearchRequest=true&ms=20100%3B17%3B%3B&pageNumber=7&pw=%3A295&ref=srp&refId=88a9c63e-950f-1558-9fc1-cca59e925faf&sb=rel&searchId=88a9c63e-950f-1558-9fc1-cca59e925faf&vc=Car,26/11/2023 20:20:45,379848311
12,Porsche,20100,997,17,https://suchen.mobile.de/fahrzeuge/details.html?id=369333821&dam=0&fr=2009%3A2011&isSearchRequest=true&ms=20100%3B17%3B%3B&pageNumber=7&pw=%3A295&ref=srp&refId=88a9c63e-950f-1558-9fc1-cca59e925faf&sb=rel&searchId=88a9c63e-950f-1558-9fc1-cca59e925faf&vc=Car,26/11/2023 20:20:45,369333821
13,Porsche,20100,997,17,https://suchen.mobile.de/fahrzeuge/details.html?id=375647421&dam=0&fr=2009%3A2011&isSearchRequest=true&ms=20100%3B17%3B%3B&pageNumber=7&pw=%3A295&ref=srp&refId=88a9c63e-950f-1558-9fc1-cca59e925faf&sb=rel&searchId=88a9c63e-950f-1558-9fc1-cca59e925faf&vc=Car,26/11/2023 20:20:45,375647421
14,Porsche,20100,997,17,https://suchen.mobile.de/fahrzeuge/details.html?id=379976215&dam=0&fr=2009%3A2011&isSearchRequest=true&ms=20100%3B17%3B%3B&pageNumber=7&pw=%3A295&ref=srp&refId=88a9c63e-950f-1558-9fc1-cca59e925faf&sb=rel&searchId=88a9c63e-950f-1558-9fc1-cca59e925faf&vc=Car,26/11/2023 20:20:45,379976215
15,Porsche,20100,997,17,https://suchen.mobile.de/fahrzeuge/details.html?id=378818127&dam=0&fr=2009%3A2011&isSearchRequest=true&ms=20100%3B17%3B%3B&pageNumber=7&pw=%3A295&ref=srp&refId=88a9c63e-950f-1558-9fc1-cca59e925faf&sb=rel&searchId=88a9c63e-950f-1558-9fc1-cca59e925faf&vc=Car,26/11/2023 20:20:45,378818127
16,Porsche,20100,997,17,https://suchen.mobile.de/fahrzeuge/details.html?id=379368260&dam=0&fr=2009%3A2011&isSearchRequest=true&ms=20100%3B17%3B%3B&pageNumber=7&pw=%3A295&ref=srp&refId=88a9c63e-950f-1558-9fc1-cca59e925faf&sb=rel&searchId=88a9c63e-950f-1558-9fc1-cca59e925faf&vc=Car,26/11/2023 20:20:45,379368260
17,Porsche,20100,997,17,https://suchen.mobile.de/fahrzeuge/details.html?id=375087790&dam=0&fr=2009%3A2011&isSearchRequest=true&ms=20100%3B17%3B%3B&pageNumber=7&pw=%3A295&ref=srp&refId=88a9c63e-950f-1558-9fc1-cca59e925faf&sb=rel&searchId=88a9c63e-950f-1558-9fc1-cca59e925faf&vc=Car,26/11/2023 20:20:45,375087790
18,Porsche,20100,997,17,https://suchen.mobile.de/fahrzeuge/details.html?id=368853954&dam=0&fr=2009%3A2011&isSearchRequest=true&ms=20100%3B17%3B%3B&pageNumber=7&pw=%3A295&ref=srp&refId=88a9c63e-950f-1558-9fc1-cca59e925faf&sb=rel&searchId=88a9c63e-950f-1558-9fc1-cca59e925faf&vc=Car,26/11/2023 20:20:45,368853954
19,Porsche,20100,997,17,https://suchen.mobile.de/fahrzeuge/details.html?id=370698076&dam=0&fr=2009%3A2011&isSearchRequest=true&ms=20100%3B17%3B%3B&pageNumber=7&pw=%3A295&ref=srp&refId=88a9c63e-950f-1558-9fc1-cca59e925faf&sb=rel&searchId=88a9c63e-950f-1558-9fc1-cca59e925faf&vc=Car,26/11/2023 20:20:45,370698076
20,Porsche,20100,997,17,https://suchen.mobile.de/fahrzeuge/details.html?id=379233418&action=eyeCatcher&dam=0&fr=2009%3A2011&isSearchRequest=true&ms=20100%3B17%3B%3B&pageNumber=2&pw=%3A295&ref=srp&refId=6198d15e-739c-eec0-402b-9ddcb60400e6&sb=rel&searchId=6198d15e-739c-eec0-402b-9ddcb60400e6&vc=Car,26/11/2023 20:20:45,379233418
21,Porsche,20100,997,17,https://suchen.mobile.de/fahrzeuge/details.html?id=373080914&dam=0&fr=2009%3A2011&isSearchRequest=true&ms=20100%3B17%3B%3B&pageNumber=2&pw=%3A295&ref=srp&refId=6198d15e-739c-eec0-402b-9ddcb60400e6&sb=rel&searchId=6198d15e-739c-eec0-402b-9ddcb60400e6&vc=Car,26/11/2023 20:20:45,373080914
22,Porsche,20100,997,17,https://suchen.mobile.de/fahrzeuge/details.html?id=368535592&dam=0&fr=2009%3A2011&isSearchRequest=true&ms=20100%3B17%3B%3B&pageNumber=2&pw=%3A295&ref=srp&refId=6198d15e-739c-eec0-402b-9ddcb60400e6&sb=rel&searchId=6198d15e-739c-eec0-402b-9ddcb60400e6&vc=Car,26/11/2023 20:20:45,368535592
23,Porsche,20100,997,17,https://suchen.mobile.de/fahrzeuge/details.html?id=375099342&dam=0&fr=2009%3A2011&isSearchRequest=true&ms=20100%3B17%3B%3B&pageNumber=2&pw=%3A295&ref=srp&refId=6198d15e-739c-eec0-402b-9ddcb60400e6&sb=rel&searchId=6198d15e-739c-eec0-402b-9ddcb60400e6&vc=Car,26/11/2023 20:20:45,375099342
24,Porsche,20100,997,17,https://suchen.mobile.de/fahrzeuge/details.html?id=378390135&action=eyeCatcher&dam=0&fr=2009%3A2011&isSearchRequest=true&ms=20100%3B17%3B%3B&pageNumber=2&pw=%3A295&ref=srp&refId=6198d15e-739c-eec0-402b-9ddcb60400e6&sb=rel&searchId=6198d15e-739c-eec0-402b-9ddcb60400e6&vc=Car,26/11/2023 20:20:45,378390135
25,Porsche,20100,997,17,https://suchen.mobile.de/fahrzeuge/details.html?id=379631532&action=eyeCatcher&dam=0&fr=2009%3A2011&isSearchRequest=true&ms=20100%3B17%3B%3B&pageNumber=2&pw=%3A295&ref=srp&refId=6198d15e-739c-eec0-402b-9ddcb60400e6&sb=rel&searchId=6198d15e-739c-eec0-402b-9ddcb60400e6&vc=Car,26/11/2023 20:20:45,379631532
26,Porsche,20100,997,17,https://suchen.mobile.de/fahrzeuge/details.html?id=377395063&action=eyeCatcher&dam=0&fr=2009%3A2011&isSearchRequest=true&ms=20100%3B17%3B%3B&pageNumber=2&pw=%3A295&ref=srp&refId=6198d15e-739c-eec0-402b-9ddcb60400e6&sb=rel&searchId=6198d15e-739c-eec0-402b-9ddcb60400e6&vc=Car,26/11/2023 20:20:45,377395063
27,Porsche,20100,997,17,https://suchen.mobile.de/fahrzeuge/details.html?id=379459146&dam=0&fr=2009%3A2011&isSearchRequest=true&ms=20100%3B17%3B%3B&pageNumber=2&pw=%3A295&ref=srp&refId=6198d15e-739c-eec0-402b-9ddcb60400e6&sb=rel&searchId=6198d15e-739c-eec0-402b-9ddcb60400e6&vc=Car,26/11/2023 20:20:45,379459146
28,Porsche,20100,997,17,https://suchen.mobile.de/fahrzeuge/details.html?id=369844789&dam=0&fr=2009%3A2011&isSearchRequest=true&ms=20100%3B17%3B%3B&pageNumber=2&pw=%3A295&ref=srp&refId=6198d15e-739c-eec0-402b-9ddcb60400e6&sb=rel&searchId=6198d15e-739c-eec0-402b-9ddcb60400e6&vc=Car,26/11/2023 20:20:45,369844789
29,Porsche,20100,997,17,https://suchen.mobile.de/fahrzeuge/details.html?id=379092433&dam=0&fr=2009%3A2011&isSearchRequest=true&ms=20100%3B17%3B%3B&pageNumber=2&pw=%3A295&ref=srp&refId=6198d15e-739c-eec0-402b-9ddcb60400e6&sb=rel&searchId=6198d15e-739c-eec0-402b-9ddcb60400e6&vc=Car,26/11/2023 20:20:45,379092433
30,Porsche,20100,997,17,https://suchen.mobile.de/fahrzeuge/details.html?id=377060313&dam=0&fr=2009%3A2011&isSearchRequest=true&ms=20100%3B17%3B%3B&pageNumber=2&pw=%3A295&ref=srp&refId=6198d15e-739c-eec0-402b-9ddcb60400e6&sb=rel&searchId=6198d15e-739c-eec0-402b-9ddcb60400e6&vc=Car,26/11/2023 20:20:45,377060313
31,Porsche,20100,997,17,https://suchen.mobile.de/fahrzeuge/details.html?id=375336949&dam=0&fr=2009%3A2011&isSearchRequest=true&ms=20100%3B17%3B%3B&pageNumber=2&pw=%3A295&ref=srp&refId=6198d15e-739c-eec0-402b-9ddcb60400e6&sb=rel&searchId=6198d15e-739c-eec0-402b-9ddcb60400e6&vc=Car,26/11/2023 20:20:45,375336949
32,Porsche,20100,997,17,https://suchen.mobile.de/fahrzeuge/details.html?id=375181871&dam=0&fr=2009%3A2011&isSearchRequest=true&ms=20100%3B17%3B%3B&pageNumber=2&pw=%3A295&ref=srp&refId=6198d15e-739c-eec0-402b-9ddcb60400e6&sb=rel&searchId=6198d15e-739c-eec0-402b-9ddcb60400e6&vc=Car,26/11/2023 20:20:45,375181871
33,Porsche,20100,997,17,https://suchen.mobile.de/fahrzeuge/details.html?id=376495076&dam=0&fr=2009%3A2011&isSearchRequest=true&ms=20100%3B17%3B%3B&pageNumber=2&pw=%3A295&ref=srp&refId=6198d15e-739c-eec0-402b-9ddcb60400e6&sb=rel&searchId=6198d15e-739c-eec0-402b-9ddcb60400e6&vc=Car,26/11/2023 20:20:45,376495076
34,Porsche,20100,997,17,https://suchen.mobile.de/fahrzeuge/details.html?id=369472350&dam=0&fr=2009%3A2011&isSearchRequest=true&ms=20100%3B17%3B%3B&pageNumber=2&pw=%3A295&ref=srp&refId=6198d15e-739c-eec0-402b-9ddcb60400e6&sb=rel&searchId=6198d15e-739c-eec0-402b-9ddcb60400e6&vc=Car,26/11/2023 20:20:45,369472350
35,Porsche,20100,997,17,https://suchen.mobile.de/fahrzeuge/details.html?id=379730617&dam=0&fr=2009%3A2011&isSearchRequest=true&ms=20100%3B17%3B%3B&pageNumber=2&pw=%3A295&ref=srp&refId=6198d15e-739c-eec0-402b-9ddcb60400e6&sb=rel&searchId=6198d15e-739c-eec0-402b-9ddcb60400e6&vc=Car,26/11/2023 20:20:45,379730617
36,Porsche,20100,997,17,https://suchen.mobile.de/fahrzeuge/details.html?id=371800995&action=eyeCatcher&dam=0&fr=2009%3A2011&isSearchRequest=true&ms=20100%3B17%3B%3B&pageNumber=2&pw=%3A295&ref=srp&refId=6198d15e-739c-eec0-402b-9ddcb60400e6&sb=rel&searchId=6198d15e-739c-eec0-402b-9ddcb60400e6&vc=Car,26/11/2023 20:20:45,371800995
37,Porsche,20100,997,17,https://suchen.mobile.de/fahrzeuge/details.html?id=363451082&dam=0&fr=2009%3A2011&isSearchRequest=true&ms=20100%3B17%3B%3B&pageNumber=2&pw=%3A295&ref=srp&refId=6198d15e-739c-eec0-402b-9ddcb60400e6&sb=rel&searchId=6198d15e-739c-eec0-402b-9ddcb60400e6&vc=Car,26/11/2023 20:20:45,363451082
38,Porsche,20100,997,17,https://suchen.mobile.de/fahrzeuge/details.html?id=365039470&dam=0&fr=2009%3A2011&isSearchRequest=true&ms=20100%3B17%3B%3B&pageNumber=2&pw=%3A295&ref=srp&refId=6198d15e-739c-eec0-402b-9ddcb60400e6&sb=rel&searchId=6198d15e-739c-eec0-402b-9ddcb60400e6&vc=Car,26/11/2023 20:20:45,365039470
39,Porsche,20100,997,17,https://suchen.mobile.de/fahrzeuge/details.html?id=372218954&dam=0&fr=2009%3A2011&isSearchRequest=true&ms=20100%3B17%3B%3B&pageNumber=2&pw=%3A295&ref=srp&refId=6198d15e-739c-eec0-402b-9ddcb60400e6&sb=rel&searchId=6198d15e-739c-eec0-402b-9ddcb60400e6&vc=Car,26/11/2023 20:20:45,372218954
40,Porsche,20100,997,17,https://suchen.mobile.de/fahrzeuge/details.html?id=374049783&dam=0&fr=2009%3A2011&isSearchRequest=true&ms=20100%3B17%3B%3B&pageNumber=6&pw=%3A295&ref=srp&refId=572bdb20-3aef-d80f-9abc-1a836ba7cd70&sb=rel&searchId=572bdb20-3aef-d80f-9abc-1a836ba7cd70&vc=Car,26/11/2023 20:20:45,374049783
41,Porsche,20100,997,17,https://suchen.mobile.de/fahrzeuge/details.html?id=379538496&dam=0&fr=2009%3A2011&isSearchRequest=true&ms=20100%3B17%3B%3B&pageNumber=6&pw=%3A295&ref=srp&refId=572bdb20-3aef-d80f-9abc-1a836ba7cd70&sb=rel&searchId=572bdb20-3aef-d80f-9abc-1a836ba7cd70&vc=Car,26/11/2023 20:20:45,379538496
42,Porsche,20100,997,17,https://suchen.mobile.de/fahrzeuge/details.html?id=371376194&dam=0&fr=2009%3A2011&isSearchRequest=true&ms=20100%3B17%3B%3B&pageNumber=6&pw=%3A295&ref=srp&refId=572bdb20-3aef-d80f-9abc-1a836ba7cd70&sb=rel&searchId=572bdb20-3aef-d80f-9abc-1a836ba7cd70&vc=Car,26/11/2023 20:20:45,371376194
43,Porsche,20100,997,17,https://suchen.mobile.de/fahrzeuge/details.html?id=378639431&dam=0&fr=2009%3A2011&isSearchRequest=true&ms=20100%3B17%3B%3B&pageNumber=6&pw=%3A295&ref=srp&refId=572bdb20-3aef-d80f-9abc-1a836ba7cd70&sb=rel&searchId=572bdb20-3aef-d80f-9abc-1a836ba7cd70&vc=Car,26/11/2023 20:20:45,378639431
44,Porsche,20100,997,17,https://suchen.mobile.de/fahrzeuge/details.html?id=374717160&dam=0&fr=2009%3A2011&isSearchRequest=true&ms=20100%3B17%3B%3B&pageNumber=6&pw=%3A295&ref=srp&refId=572bdb20-3aef-d80f-9abc-1a836ba7cd70&sb=rel&searchId=572bdb20-3aef-d80f-9abc-1a836ba7cd70&vc=Car,26/11/2023 20:20:45,374717160
45,Porsche,20100,997,17,https://suchen.mobile.de/fahrzeuge/details.html?id=374080247&dam=0&fr=2009%3A2011&isSearchRequest=true&ms=20100%3B17%3B%3B&pageNumber=6&pw=%3A295&ref=srp&refId=572bdb20-3aef-d80f-9abc-1a836ba7cd70&sb=rel&searchId=572bdb20-3aef-d80f-9abc-1a836ba7cd70&vc=Car,26/11/2023 20:20:45,374080247
46,Porsche,20100,997,17,https://suchen.mobile.de/fahrzeuge/details.html?id=367578994&dam=0&fr=2009%3A2011&isSearchRequest=true&ms=20100%3B17%3B%3B&pageNumber=6&pw=%3A295&ref=srp&refId=572bdb20-3aef-d80f-9abc-1a836ba7cd70&sb=rel&searchId=572bdb20-3aef-d80f-9abc-1a836ba7cd70&vc=Car,26/11/2023 20:20:45,367578994
47,Porsche,20100,997,17,https://suchen.mobile.de/fahrzeuge/details.html?id=375739125&dam=0&fr=2009%3A2011&isSearchRequest=true&ms=20100%3B17%3B%3B&pageNumber=6&pw=%3A295&ref=srp&refId=572bdb20-3aef-d80f-9abc-1a836ba7cd70&sb=rel&searchId=572bdb20-3aef-d80f-9abc-1a836ba7cd70&vc=Car,26/11/2023 20:20:45,375739125
48,Porsche,20100,997,17,https://suchen.mobile.de/fahrzeuge/details.html?id=378037487&dam=0&fr=2009%3A2011&isSearchRequest=true&ms=20100%3B17%3B%3B&pageNumber=6&pw=%3A295&ref=srp&refId=572bdb20-3aef-d80f-9abc-1a836ba7cd70&sb=rel&searchId=572bdb20-3aef-d80f-9abc-1a836ba7cd70&vc=Car,26/11/2023 20:20:45,378037487
49,Porsche,20100,997,17,https://suchen.mobile.de/fahrzeuge/details.html?id=360122165&dam=0&fr=2009%3A2011&isSearchRequest=true&ms=20100%3B17%3B%3B&pageNumber=6&pw=%3A295&ref=srp&refId=572bdb20-3aef-d80f-9abc-1a836ba7cd70&sb=rel&searchId=572bdb20-3aef-d80f-9abc-1a836ba7cd70&vc=Car,26/11/2023 20:20:45,360122165
50,Porsche,20100,997,17,https://suchen.mobile.de/fahrzeuge/details.html?id=358029118&dam=0&fr=2009%3A2011&isSearchRequest=true&ms=20100%3B17%3B%3B&pageNumber=6&pw=%3A295&ref=srp&refId=572bdb20-3aef-d80f-9abc-1a836ba7cd70&sb=rel&searchId=572bdb20-3aef-d80f-9abc-1a836ba7cd70&vc=Car,26/11/2023 20:20:45,358029118
51,Porsche,20100,997,17,https://suchen.mobile.de/fahrzeuge/details.html?id=363737889&dam=0&fr=2009%3A2011&isSearchRequest=true&ms=20100%3B17%3B%3B&pageNumber=6&pw=%3A295&ref=srp&refId=572bdb20-3aef-d80f-9abc-1a836ba7cd70&sb=rel&searchId=572bdb20-3aef-d80f-9abc-1a836ba7cd70&vc=Car,26/11/2023 20:20:45,363737889
52,Porsche,20100,997,17,https://suchen.mobile.de/fahrzeuge/details.html?id=379982344&dam=0&fr=2009%3A2011&isSearchRequest=true&ms=20100%3B17%3B%3B&pageNumber=6&pw=%3A295&ref=srp&refId=572bdb20-3aef-d80f-9abc-1a836ba7cd70&sb=rel&searchId=572bdb20-3aef-d80f-9abc-1a836ba7cd70&vc=Car,26/11/2023 20:20:45,379982344
53,Porsche,20100,997,17,https://suchen.mobile.de/fahrzeuge/details.html?id=380025368&dam=0&fr=2009%3A2011&isSearchRequest=true&ms=20100%3B17%3B%3B&pageNumber=6&pw=%3A295&ref=srp&refId=572bdb20-3aef-d80f-9abc-1a836ba7cd70&sb=rel&searchId=572bdb20-3aef-d80f-9abc-1a836ba7cd70&vc=Car,26/11/2023 20:20:45,380025368
54,Porsche,20100,997,17,https://suchen.mobile.de/fahrzeuge/details.html?id=365122223&dam=0&fr=2009%3A2011&isSearchRequest=true&ms=20100%3B17%3B%3B&pageNumber=6&pw=%3A295&ref=srp&refId=572bdb20-3aef-d80f-9abc-1a836ba7cd70&sb=rel&searchId=572bdb20-3aef-d80f-9abc-1a836ba7cd70&vc=Car,26/11/2023 20:20:45,365122223
55,Porsche,20100,997,17,https://suchen.mobile.de/fahrzeuge/details.html?id=378620368&dam=0&fr=2009%3A2011&isSearchRequest=true&ms=20100%3B17%3B%3B&pageNumber=6&pw=%3A295&ref=srp&refId=572bdb20-3aef-d80f-9abc-1a836ba7cd70&sb=rel&searchId=572bdb20-3aef-d80f-9abc-1a836ba7cd70&vc=Car,26/11/2023 20:20:45,378620368
56,Porsche,20100,997,17,https://suchen.mobile.de/fahrzeuge/details.html?id=366524643&dam=0&fr=2009%3A2011&isSearchRequest=true&ms=20100%3B17%3B%3B&pageNumber=6&pw=%3A295&ref=srp&refId=572bdb20-3aef-d80f-9abc-1a836ba7cd70&sb=rel&searchId=572bdb20-3aef-d80f-9abc-1a836ba7cd70&vc=Car,26/11/2023 20:20:45,366524643
57,Porsche,20100,997,17,https://suchen.mobile.de/fahrzeuge/details.html?id=360182918&dam=0&fr=2009%3A2011&isSearchRequest=true&ms=20100%3B17%3B%3B&pageNumber=6&pw=%3A295&ref=srp&refId=572bdb20-3aef-d80f-9abc-1a836ba7cd70&sb=rel&searchId=572bdb20-3aef-d80f-9abc-1a836ba7cd70&vc=Car,26/11/2023 20:20:45,360182918
58,Porsche,20100,997,17,https://suchen.mobile.de/fahrzeuge/details.html?id=378211009&dam=0&fr=2009%3A2011&isSearchRequest=true&ms=20100%3B17%3B%3B&pageNumber=6&pw=%3A295&ref=srp&refId=572bdb20-3aef-d80f-9abc-1a836ba7cd70&sb=rel&searchId=572bdb20-3aef-d80f-9abc-1a836ba7cd70&vc=Car,26/11/2023 20:20:45,378211009
59,Porsche,20100,997,17,https://suchen.mobile.de/fahrzeuge/details.html?id=376333368&dam=0&fr=2009%3A2011&isSearchRequest=true&ms=20100%3B17%3B%3B&pageNumber=6&pw=%3A295&ref=srp&refId=572bdb20-3aef-d80f-9abc-1a836ba7cd70&sb=rel&searchId=572bdb20-3aef-d80f-9abc-1a836ba7cd70&vc=Car,26/11/2023 20:20:45,376333368
60,Porsche,20100,997,17,https://suchen.mobile.de/fahrzeuge/details.html?id=351419467&action=topOfPage&dam=0&fr=2009%3A2011&isSearchRequest=true&ms=20100%3B17%3B%3B&pageNumber=1&pw=%3A295&ref=srp&refId=967bcd39-8c23-1ad8-77f0-fe48611cccda&sb=rel&searchId=967bcd39-8c23-1ad8-77f0-fe48611cccda&vc=Car,26/11/2023 20:20:45,351419467
61,Porsche,20100,997,17,https://suchen.mobile.de/fahrzeuge/details.html?id=379689472&action=eyeCatcher&dam=0&fr=2009%3A2011&isSearchRequest=true&ms=20100%3B17%3B%3B&pageNumber=1&pw=%3A295&ref=srp&refId=967bcd39-8c23-1ad8-77f0-fe48611cccda&sb=rel&searchId=967bcd39-8c23-1ad8-77f0-fe48611cccda&vc=Car,26/11/2023 20:20:45,379689472
62,Porsche,20100,997,17,https://suchen.mobile.de/fahrzeuge/details.html?id=378130426&dam=0&fr=2009%3A2011&isSearchRequest=true&ms=20100%3B17%3B%3B&pageNumber=1&pw=%3A295&ref=srp&refId=967bcd39-8c23-1ad8-77f0-fe48611cccda&sb=rel&searchId=967bcd39-8c23-1ad8-77f0-fe48611cccda&vc=Car,26/11/2023 20:20:45,378130426
63,Porsche,20100,997,17,https://suchen.mobile.de/fahrzeuge/details.html?id=379208851&action=topInCategory&dam=0&fr=2009%3A2011&isSearchRequest=true&ms=20100%3B17%3B%3B&pageNumber=1&pw=%3A295&ref=srp&refId=967bcd39-8c23-1ad8-77f0-fe48611cccda&sb=rel&searchId=967bcd39-8c23-1ad8-77f0-fe48611cccda&vc=Car,26/11/2023 20:20:45,379208851
64,Porsche,20100,997,17,https://suchen.mobile.de/fahrzeuge/details.html?id=378298675&action=topInCategory&dam=0&fr=2009%3A2011&isSearchRequest=true&ms=20100%3B17%3B%3B&pageNumber=1&pw=%3A295&ref=srp&refId=967bcd39-8c23-1ad8-77f0-fe48611cccda&sb=rel&searchId=967bcd39-8c23-1ad8-77f0-fe48611cccda&vc=Car,26/11/2023 20:20:45,378298675
65,Porsche,20100,997,17,https://suchen.mobile.de/fahrzeuge/details.html?id=376773980&action=eyeCatcher&dam=0&fr=2009%3A2011&isSearchRequest=true&ms=20100%3B17%3B%3B&pageNumber=1&pw=%3A295&ref=srp&refId=967bcd39-8c23-1ad8-77f0-fe48611cccda&sb=rel&searchId=967bcd39-8c23-1ad8-77f0-fe48611cccda&vc=Car,26/11/2023 20:20:45,376773980
66,Porsche,20100,997,17,https://suchen.mobile.de/fahrzeuge/details.html?id=372328119&dam=0&fr=2009%3A2011&isSearchRequest=true&ms=20100%3B17%3B%3B&pageNumber=1&pw=%3A295&ref=srp&refId=967bcd39-8c23-1ad8-77f0-fe48611cccda&sb=rel&searchId=967bcd39-8c23-1ad8-77f0-fe48611cccda&vc=Car,26/11/2023 20:20:45,372328119
67,Porsche,20100,997,17,https://suchen.mobile.de/fahrzeuge/details.html?id=374135893&action=eyeCatcher&dam=0&fr=2009%3A2011&isSearchRequest=true&ms=20100%3B17%3B%3B&pageNumber=1&pw=%3A295&ref=srp&refId=967bcd39-8c23-1ad8-77f0-fe48611cccda&sb=rel&searchId=967bcd39-8c23-1ad8-77f0-fe48611cccda&vc=Car,26/11/2023 20:20:45,374135893
68,Porsche,20100,997,17,https://suchen.mobile.de/fahrzeuge/details.html?id=375258039&dam=0&fr=2009%3A2011&isSearchRequest=true&ms=20100%3B17%3B%3B&pageNumber=1&pw=%3A295&ref=srp&refId=967bcd39-8c23-1ad8-77f0-fe48611cccda&sb=rel&searchId=967bcd39-8c23-1ad8-77f0-fe48611cccda&vc=Car,26/11/2023 20:20:45,375258039
69,Porsche,20100,997,17,https://suchen.mobile.de/fahrzeuge/details.html?id=376721892&dam=0&fr=2009%3A2011&isSearchRequest=true&ms=20100%3B17%3B%3B&pageNumber=1&pw=%3A295&ref=srp&refId=967bcd39-8c23-1ad8-77f0-fe48611cccda&sb=rel&searchId=967bcd39-8c23-1ad8-77f0-fe48611cccda&vc=Car,26/11/2023 20:20:45,376721892
70,Porsche,20100,997,17,https://suchen.mobile.de/fahrzeuge/details.html?id=379588334&dam=0&fr=2009%3A2011&isSearchRequest=true&ms=20100%3B17%3B%3B&pageNumber=1&pw=%3A295&ref=srp&refId=967bcd39-8c23-1ad8-77f0-fe48611cccda&sb=rel&searchId=967bcd39-8c23-1ad8-77f0-fe48611cccda&vc=Car,26/11/2023 20:20:45,379588334
71,Porsche,20100,997,17,https://suchen.mobile.de/fahrzeuge/details.html?id=377950740&dam=0&fr=2009%3A2011&isSearchRequest=true&ms=20100%3B17%3B%3B&pageNumber=1&pw=%3A295&ref=srp&refId=967bcd39-8c23-1ad8-77f0-fe48611cccda&sb=rel&searchId=967bcd39-8c23-1ad8-77f0-fe48611cccda&vc=Car,26/11/2023 20:20:45,377950740
72,Porsche,20100,997,17,https://suchen.mobile.de/fahrzeuge/details.html?id=374029707&dam=0&fr=2009%3A2011&isSearchRequest=true&ms=20100%3B17%3B%3B&pageNumber=1&pw=%3A295&ref=srp&refId=967bcd39-8c23-1ad8-77f0-fe48611cccda&sb=rel&searchId=967bcd39-8c23-1ad8-77f0-fe48611cccda&vc=Car,26/11/2023 20:20:45,374029707
73,Porsche,20100,997,17,https://suchen.mobile.de/fahrzeuge/details.html?id=376867562&dam=0&fr=2009%3A2011&isSearchRequest=true&ms=20100%3B17%3B%3B&pageNumber=1&pw=%3A295&ref=srp&refId=967bcd39-8c23-1ad8-77f0-fe48611cccda&sb=rel&searchId=967bcd39-8c23-1ad8-77f0-fe48611cccda&vc=Car,26/11/2023 20:20:45,376867562
74,Porsche,20100,997,17,https://suchen.mobile.de/fahrzeuge/details.html?id=352264165&dam=0&fr=2009%3A2011&isSearchRequest=true&ms=20100%3B17%3B%3B&pageNumber=1&pw=%3A295&ref=srp&refId=967bcd39-8c23-1ad8-77f0-fe48611cccda&sb=rel&searchId=967bcd39-8c23-1ad8-77f0-fe48611cccda&vc=Car,26/11/2023 20:20:45,352264165
75,Porsche,20100,997,17,https://suchen.mobile.de/fahrzeuge/details.html?id=375183478&dam=0&fr=2009%3A2011&isSearchRequest=true&ms=20100%3B17%3B%3B&pageNumber=1&pw=%3A295&ref=srp&refId=967bcd39-8c23-1ad8-77f0-fe48611cccda&sb=rel&searchId=967bcd39-8c23-1ad8-77f0-fe48611cccda&vc=Car,26/11/2023 20:20:45,375183478
76,Porsche,20100,997,17,https://suchen.mobile.de/fahrzeuge/details.html?id=376013361&dam=0&fr=2009%3A2011&isSearchRequest=true&ms=20100%3B17%3B%3B&pageNumber=1&pw=%3A295&ref=srp&refId=967bcd39-8c23-1ad8-77f0-fe48611cccda&sb=rel&searchId=967bcd39-8c23-1ad8-77f0-fe48611cccda&vc=Car,26/11/2023 20:20:45,376013361
77,Porsche,20100,997,17,https://suchen.mobile.de/fahrzeuge/details.html?id=379249936&dam=0&fr=2009%3A2011&isSearchRequest=true&ms=20100%3B17%3B%3B&pageNumber=1&pw=%3A295&ref=srp&refId=967bcd39-8c23-1ad8-77f0-fe48611cccda&sb=rel&searchId=967bcd39-8c23-1ad8-77f0-fe48611cccda&vc=Car,26/11/2023 20:20:45,379249936
78,Porsche,20100,997,17,https://suchen.mobile.de/fahrzeuge/details.html?id=375614866&action=eyeCatcher&dam=0&fr=2009%3A2011&isSearchRequest=true&ms=20100%3B17%3B%3B&pageNumber=1&pw=%3A295&ref=srp&refId=967bcd39-8c23-1ad8-77f0-fe48611cccda&sb=rel&searchId=967bcd39-8c23-1ad8-77f0-fe48611cccda&vc=Car,26/11/2023 20:20:45,375614866
79,Porsche,20100,997,17,https://suchen.mobile.de/fahrzeuge/details.html?id=374655342&dam=0&fr=2009%3A2011&isSearchRequest=true&ms=20100%3B17%3B%3B&pageNumber=1&pw=%3A295&ref=srp&refId=967bcd39-8c23-1ad8-77f0-fe48611cccda&sb=rel&searchId=967bcd39-8c23-1ad8-77f0-fe48611cccda&vc=Car,26/11/2023 20:20:45,374655342
80,Porsche,20100,997,17,https://suchen.mobile.de/fahrzeuge/details.html?id=374755638&action=eyeCatcher&dam=0&fr=2009%3A2011&isSearchRequest=true&ms=20100%3B17%3B%3B&pageNumber=1&pw=%3A295&ref=srp&refId=967bcd39-8c23-1ad8-77f0-fe48611cccda&sb=rel&searchId=967bcd39-8c23-1ad8-77f0-fe48611cccda&vc=Car,26/11/2023 20:20:45,374755638
81,Porsche,20100,997,17,https://suchen.mobile.de/fahrzeuge/details.html?id=379081477&action=eyeCatcher&dam=0&fr=2009%3A2011&isSearchRequest=true&ms=20100%3B17%3B%3B&pageNumber=1&pw=%3A295&ref=srp&refId=967bcd39-8c23-1ad8-77f0-fe48611cccda&sb=rel&searchId=967bcd39-8c23-1ad8-77f0-fe48611cccda&vc=Car,26/11/2023 20:20:45,379081477
82,Porsche,20100,997,17,https://suchen.mobile.de/fahrzeuge/details.html?id=378879915&action=eyeCatcher&dam=0&fr=2009%3A2011&isSearchRequest=true&ms=20100%3B17%3B%3B&pageNumber=3&pw=%3A295&ref=srp&refId=cd7682aa-07c1-d4ba-5b1c-28258fd96c82&sb=rel&searchId=cd7682aa-07c1-d4ba-5b1c-28258fd96c82&vc=Car,26/11/2023 20:20:45,378879915
83,Porsche,20100,997,17,https://suchen.mobile.de/fahrzeuge/details.html?id=354277266&dam=0&fr=2009%3A2011&isSearchRequest=true&ms=20100%3B17%3B%3B&pageNumber=3&pw=%3A295&ref=srp&refId=cd7682aa-07c1-d4ba-5b1c-28258fd96c82&sb=rel&searchId=cd7682aa-07c1-d4ba-5b1c-28258fd96c82&vc=Car,26/11/2023 20:20:45,354277266
84,Porsche,20100,997,17,https://suchen.mobile.de/fahrzeuge/details.html?id=377827170&action=eyeCatcher&dam=0&fr=2009%3A2011&isSearchRequest=true&ms=20100%3B17%3B%3B&pageNumber=3&pw=%3A295&ref=srp&refId=cd7682aa-07c1-d4ba-5b1c-28258fd96c82&sb=rel&searchId=cd7682aa-07c1-d4ba-5b1c-28258fd96c82&vc=Car,26/11/2023 20:20:45,377827170
85,Porsche,20100,997,17,https://suchen.mobile.de/fahrzeuge/details.html?id=372824035&dam=0&fr=2009%3A2011&isSearchRequest=true&ms=20100%3B17%3B%3B&pageNumber=3&pw=%3A295&ref=srp&refId=cd7682aa-07c1-d4ba-5b1c-28258fd96c82&sb=rel&searchId=cd7682aa-07c1-d4ba-5b1c-28258fd96c82&vc=Car,26/11/2023 20:20:45,372824035
86,Porsche,20100,997,17,https://suchen.mobile.de/fahrzeuge/details.html?id=379822842&dam=0&fr=2009%3A2011&isSearchRequest=true&ms=20100%3B17%3B%3B&pageNumber=3&pw=%3A295&ref=srp&refId=cd7682aa-07c1-d4ba-5b1c-28258fd96c82&sb=rel&searchId=cd7682aa-07c1-d4ba-5b1c-28258fd96c82&vc=Car,26/11/2023 20:20:45,379822842
87,Porsche,20100,997,17,https://suchen.mobile.de/fahrzeuge/details.html?id=374171956&dam=0&fr=2009%3A2011&isSearchRequest=true&ms=20100%3B17%3B%3B&pageNumber=3&pw=%3A295&ref=srp&refId=cd7682aa-07c1-d4ba-5b1c-28258fd96c82&sb=rel&searchId=cd7682aa-07c1-d4ba-5b1c-28258fd96c82&vc=Car,26/11/2023 20:20:45,374171956
88,Porsche,20100,997,17,https://suchen.mobile.de/fahrzeuge/details.html?id=378596410&dam=0&fr=2009%3A2011&isSearchRequest=true&ms=20100%3B17%3B%3B&pageNumber=3&pw=%3A295&ref=srp&refId=cd7682aa-07c1-d4ba-5b1c-28258fd96c82&sb=rel&searchId=cd7682aa-07c1-d4ba-5b1c-28258fd96c82&vc=Car,26/11/2023 20:20:45,378596410
89,Porsche,20100,997,17,https://suchen.mobile.de/fahrzeuge/details.html?id=377489632&dam=0&fr=2009%3A2011&isSearchRequest=true&ms=20100%3B17%3B%3B&pageNumber=3&pw=%3A295&ref=srp&refId=cd7682aa-07c1-d4ba-5b1c-28258fd96c82&sb=rel&searchId=cd7682aa-07c1-d4ba-5b1c-28258fd96c82&vc=Car,26/11/2023 20:20:45,377489632
90,Porsche,20100,997,17,https://suchen.mobile.de/fahrzeuge/details.html?id=362097191&dam=0&fr=2009%3A2011&isSearchRequest=true&ms=20100%3B17%3B%3B&pageNumber=3&pw=%3A295&ref=srp&refId=cd7682aa-07c1-d4ba-5b1c-28258fd96c82&sb=rel&searchId=cd7682aa-07c1-d4ba-5b1c-28258fd96c82&vc=Car,26/11/2023 20:20:45,362097191
91,Porsche,20100,997,17,https://suchen.mobile.de/fahrzeuge/details.html?id=368170951&dam=0&fr=2009%3A2011&isSearchRequest=true&ms=20100%3B17%3B%3B&pageNumber=3&pw=%3A295&ref=srp&refId=cd7682aa-07c1-d4ba-5b1c-28258fd96c82&sb=rel&searchId=cd7682aa-07c1-d4ba-5b1c-28258fd96c82&vc=Car,26/11/2023 20:20:45,368170951
92,Porsche,20100,997,17,https://suchen.mobile.de/fahrzeuge/details.html?id=361674058&dam=0&fr=2009%3A2011&isSearchRequest=true&ms=20100%3B17%3B%3B&pageNumber=3&pw=%3A295&ref=srp&refId=cd7682aa-07c1-d4ba-5b1c-28258fd96c82&sb=rel&searchId=cd7682aa-07c1-d4ba-5b1c-28258fd96c82&vc=Car,26/11/2023 20:20:45,361674058
93,Porsche,20100,997,17,https://suchen.mobile.de/fahrzeuge/details.html?id=373454991&dam=0&fr=2009%3A2011&isSearchRequest=true&ms=20100%3B17%3B%3B&pageNumber=3&pw=%3A295&ref=srp&refId=cd7682aa-07c1-d4ba-5b1c-28258fd96c82&sb=rel&searchId=cd7682aa-07c1-d4ba-5b1c-28258fd96c82&vc=Car,26/11/2023 20:20:45,373454991
94,Porsche,20100,997,17,https://suchen.mobile.de/fahrzeuge/details.html?id=379531608&dam=0&fr=2009%3A2011&isSearchRequest=true&ms=20100%3B17%3B%3B&pageNumber=3&pw=%3A295&ref=srp&refId=cd7682aa-07c1-d4ba-5b1c-28258fd96c82&sb=rel&searchId=cd7682aa-07c1-d4ba-5b1c-28258fd96c82&vc=Car,26/11/2023 20:20:45,379531608
95,Porsche,20100,997,17,https://suchen.mobile.de/fahrzeuge/details.html?id=376518130&dam=0&fr=2009%3A2011&isSearchRequest=true&ms=20100%3B17%3B%3B&pageNumber=3&pw=%3A295&ref=srp&refId=cd7682aa-07c1-d4ba-5b1c-28258fd96c82&sb=rel&searchId=cd7682aa-07c1-d4ba-5b1c-28258fd96c82&vc=Car,26/11/2023 20:20:45,376518130
96,Porsche,20100,997,17,https://suchen.mobile.de/fahrzeuge/details.html?id=376583313&dam=0&fr=2009%3A2011&isSearchRequest=true&ms=20100%3B17%3B%3B&pageNumber=3&pw=%3A295&ref=srp&refId=cd7682aa-07c1-d4ba-5b1c-28258fd96c82&sb=rel&searchId=cd7682aa-07c1-d4ba-5b1c-28258fd96c82&vc=Car,26/11/2023 20:20:45,376583313
97,Porsche,20100,997,17,https://suchen.mobile.de/fahrzeuge/details.html?id=379799481&action=eyeCatcher&dam=0&fr=2009%3A2011&isSearchRequest=true&ms=20100%3B17%3B%3B&pageNumber=3&pw=%3A295&ref=srp&refId=cd7682aa-07c1-d4ba-5b1c-28258fd96c82&sb=rel&searchId=cd7682aa-07c1-d4ba-5b1c-28258fd96c82&vc=Car,26/11/2023 20:20:45,379799481
98,Porsche,20100,997,17,https://suchen.mobile.de/fahrzeuge/details.html?id=375380966&dam=0&fr=2009%3A2011&isSearchRequest=true&ms=20100%3B17%3B%3B&pageNumber=3&pw=%3A295&ref=srp&refId=cd7682aa-07c1-d4ba-5b1c-28258fd96c82&sb=rel&searchId=cd7682aa-07c1-d4ba-5b1c-28258fd96c82&vc=Car,26/11/2023 20:20:45,375380966
99,Porsche,20100,997,17,https://suchen.mobile.de/fahrzeuge/details.html?id=377198790&dam=0&fr=2009%3A2011&isSearchRequest=true&ms=20100%3B17%3B%3B&pageNumber=3&pw=%3A295&ref=srp&refId=cd7682aa-07c1-d4ba-5b1c-28258fd96c82&sb=rel&searchId=cd7682aa-07c1-d4ba-5b1c-28258fd96c82&vc=Car,26/11/2023 20:20:45,377198790
100,Porsche,20100,997,17,https://suchen.mobile.de/fahrzeuge/details.html?id=365813126&dam=0&fr=2009%3A2011&isSearchRequest=true&ms=20100%3B17%3B%3B&pageNumber=3&pw=%3A295&ref=srp&refId=cd7682aa-07c1-d4ba-5b1c-28258fd96c82&sb=rel&searchId=cd7682aa-07c1-d4ba-5b1c-28258fd96c82&vc=Car,26/11/2023 20:20:45,365813126
101,Porsche,20100,997,17,https://suchen.mobile.de/fahrzeuge/details.html?id=367346130&dam=0&fr=2009%3A2011&isSearchRequest=true&ms=20100%3B17%3B%3B&pageNumber=8&pw=%3A295&ref=srp&refId=d41b6fd2-583e-0282-a7e1-a80d699113d6&sb=rel&searchId=d41b6fd2-583e-0282-a7e1-a80d699113d6&vc=Car,26/11/2023 20:20:45,367346130
102,Porsche,20100,997,17,https://suchen.mobile.de/fahrzeuge/details.html?id=378020927&dam=0&fr=2009%3A2011&isSearchRequest=true&ms=20100%3B17%3B%3B&pageNumber=8&pw=%3A295&ref=srp&refId=d41b6fd2-583e-0282-a7e1-a80d699113d6&sb=rel&searchId=d41b6fd2-583e-0282-a7e1-a80d699113d6&vc=Car,26/11/2023 20:20:45,378020927
103,Porsche,20100,997,17,https://suchen.mobile.de/fahrzeuge/details.html?id=379717334&dam=0&fr=2009%3A2011&isSearchRequest=true&ms=20100%3B17%3B%3B&pageNumber=8&pw=%3A295&ref=srp&refId=d41b6fd2-583e-0282-a7e1-a80d699113d6&sb=rel&searchId=d41b6fd2-583e-0282-a7e1-a80d699113d6&vc=Car,26/11/2023 20:20:45,379717334
104,Porsche,20100,997,17,https://suchen.mobile.de/fahrzeuge/details.html?id=380151194&dam=0&fr=2009%3A2011&isSearchRequest=true&ms=20100%3B17%3B%3B&pageNumber=8&pw=%3A295&ref=srp&refId=d41b6fd2-583e-0282-a7e1-a80d699113d6&sb=rel&searchId=d41b6fd2-583e-0282-a7e1-a80d699113d6&vc=Car,26/11/2023 20:20:45,380151194
105,Porsche,20100,997,17,https://suchen.mobile.de/fahrzeuge/details.html?id=377455028&dam=0&fr=2009%3A2011&isSearchRequest=true&ms=20100%3B17%3B%3B&pageNumber=8&pw=%3A295&ref=srp&refId=d41b6fd2-583e-0282-a7e1-a80d699113d6&sb=rel&searchId=d41b6fd2-583e-0282-a7e1-a80d699113d6&vc=Car,26/11/2023 20:20:45,377455028
106,Porsche,20100,997,17,https://suchen.mobile.de/fahrzeuge/details.html?id=372512052&dam=0&fr=2009%3A2011&isSearchRequest=true&ms=20100%3B17%3B%3B&pageNumber=8&pw=%3A295&ref=srp&refId=d41b6fd2-583e-0282-a7e1-a80d699113d6&sb=rel&searchId=d41b6fd2-583e-0282-a7e1-a80d699113d6&vc=Car,26/11/2023 20:20:45,372512052
107,Porsche,20100,997,17,https://suchen.mobile.de/fahrzeuge/details.html?id=379231983&dam=0&fr=2009%3A2011&isSearchRequest=true&ms=20100%3B17%3B%3B&pageNumber=8&pw=%3A295&ref=srp&refId=d41b6fd2-583e-0282-a7e1-a80d699113d6&sb=rel&searchId=d41b6fd2-583e-0282-a7e1-a80d699113d6&vc=Car,26/11/2023 20:20:45,379231983
108,Porsche,20100,997,17,https://suchen.mobile.de/fahrzeuge/details.html?id=377950617&dam=0&fr=2009%3A2011&isSearchRequest=true&ms=20100%3B17%3B%3B&pageNumber=8&pw=%3A295&ref=srp&refId=d41b6fd2-583e-0282-a7e1-a80d699113d6&sb=rel&searchId=d41b6fd2-583e-0282-a7e1-a80d699113d6&vc=Car,26/11/2023 20:20:45,377950617
109,Porsche,20100,997,17,https://suchen.mobile.de/fahrzeuge/details.html?id=380015188&dam=0&fr=2009%3A2011&isSearchRequest=true&ms=20100%3B17%3B%3B&pageNumber=8&pw=%3A295&ref=srp&refId=d41b6fd2-583e-0282-a7e1-a80d699113d6&sb=rel&searchId=d41b6fd2-583e-0282-a7e1-a80d699113d6&vc=Car,26/11/2023 20:20:45,380015188
110,Porsche,20100,997,17,https://suchen.mobile.de/fahrzeuge/details.html?id=377958311&dam=0&fr=2009%3A2011&isSearchRequest=true&ms=20100%3B17%3B%3B&pageNumber=8&pw=%3A295&ref=srp&refId=d41b6fd2-583e-0282-a7e1-a80d699113d6&sb=rel&searchId=d41b6fd2-583e-0282-a7e1-a80d699113d6&vc=Car,26/11/2023 20:20:45,377958311
111,Porsche,20100,997,17,https://suchen.mobile.de/fahrzeuge/details.html?id=367168251&dam=0&fr=2009%3A2011&isSearchRequest=true&ms=20100%3B17%3B%3B&pageNumber=8&pw=%3A295&ref=srp&refId=d41b6fd2-583e-0282-a7e1-a80d699113d6&sb=rel&searchId=d41b6fd2-583e-0282-a7e1-a80d699113d6&vc=Car,26/11/2023 20:20:45,367168251
112,Porsche,20100,997,17,https://suchen.mobile.de/fahrzeuge/details.html?id=379341341&dam=0&fr=2009%3A2011&isSearchRequest=true&ms=20100%3B17%3B%3B&pageNumber=5&pw=%3A295&ref=srp&refId=f2bd8bb2-a611-8af9-df04-059412b354a6&sb=rel&searchId=f2bd8bb2-a611-8af9-df04-059412b354a6&vc=Car,26/11/2023 20:20:45,379341341
113,Porsche,20100,997,17,https://suchen.mobile.de/fahrzeuge/details.html?id=378563791&dam=0&fr=2009%3A2011&isSearchRequest=true&ms=20100%3B17%3B%3B&pageNumber=5&pw=%3A295&ref=srp&refId=f2bd8bb2-a611-8af9-df04-059412b354a6&sb=rel&searchId=f2bd8bb2-a611-8af9-df04-059412b354a6&vc=Car,26/11/2023 20:20:45,378563791
114,Porsche,20100,997,17,https://suchen.mobile.de/fahrzeuge/details.html?id=376146283&dam=0&fr=2009%3A2011&isSearchRequest=true&ms=20100%3B17%3B%3B&pageNumber=5&pw=%3A295&ref=srp&refId=f2bd8bb2-a611-8af9-df04-059412b354a6&sb=rel&searchId=f2bd8bb2-a611-8af9-df04-059412b354a6&vc=Car,26/11/2023 20:20:45,376146283
115,Porsche,20100,997,17,https://suchen.mobile.de/fahrzeuge/details.html?id=364112598&dam=0&fr=2009%3A2011&isSearchRequest=true&ms=20100%3B17%3B%3B&pageNumber=5&pw=%3A295&ref=srp&refId=f2bd8bb2-a611-8af9-df04-059412b354a6&sb=rel&searchId=f2bd8bb2-a611-8af9-df04-059412b354a6&vc=Car,26/11/2023 20:20:45,364112598
116,Porsche,20100,997,17,https://suchen.mobile.de/fahrzeuge/details.html?id=377262151&dam=0&fr=2009%3A2011&isSearchRequest=true&ms=20100%3B17%3B%3B&pageNumber=5&pw=%3A295&ref=srp&refId=f2bd8bb2-a611-8af9-df04-059412b354a6&sb=rel&searchId=f2bd8bb2-a611-8af9-df04-059412b354a6&vc=Car,26/11/2023 20:20:45,377262151
117,Porsche,20100,997,17,https://suchen.mobile.de/fahrzeuge/details.html?id=375579929&dam=0&fr=2009%3A2011&isSearchRequest=true&ms=20100%3B17%3B%3B&pageNumber=5&pw=%3A295&ref=srp&refId=f2bd8bb2-a611-8af9-df04-059412b354a6&sb=rel&searchId=f2bd8bb2-a611-8af9-df04-059412b354a6&vc=Car,26/11/2023 20:20:45,375579929
118,Porsche,20100,997,17,https://suchen.mobile.de/fahrzeuge/details.html?id=365932728&dam=0&fr=2009%3A2011&isSearchRequest=true&ms=20100%3B17%3B%3B&pageNumber=5&pw=%3A295&ref=srp&refId=f2bd8bb2-a611-8af9-df04-059412b354a6&sb=rel&searchId=f2bd8bb2-a611-8af9-df04-059412b354a6&vc=Car,26/11/2023 20:20:45,365932728
119,Porsche,20100,997,17,https://suchen.mobile.de/fahrzeuge/details.html?id=375057020&dam=0&fr=2009%3A2011&isSearchRequest=true&ms=20100%3B17%3B%3B&pageNumber=5&pw=%3A295&ref=srp&refId=f2bd8bb2-a611-8af9-df04-059412b354a6&sb=rel&searchId=f2bd8bb2-a611-8af9-df04-059412b354a6&vc=Car,26/11/2023 20:20:45,375057020
120,Porsche,20100,997,17,https://suchen.mobile.de/fahrzeuge/details.html?id=377124434&dam=0&fr=2009%3A2011&isSearchRequest=true&ms=20100%3B17%3B%3B&pageNumber=5&pw=%3A295&ref=srp&refId=f2bd8bb2-a611-8af9-df04-059412b354a6&sb=rel&searchId=f2bd8bb2-a611-8af9-df04-059412b354a6&vc=Car,26/11/2023 20:20:45,377124434
121,Porsche,20100,997,17,https://suchen.mobile.de/fahrzeuge/details.html?id=375410703&dam=0&fr=2009%3A2011&isSearchRequest=true&ms=20100%3B17%3B%3B&pageNumber=5&pw=%3A295&ref=srp&refId=f2bd8bb2-a611-8af9-df04-059412b354a6&sb=rel&searchId=f2bd8bb2-a611-8af9-df04-059412b354a6&vc=Car,26/11/2023 20:20:45,375410703
122,Porsche,20100,997,17,https://suchen.mobile.de/fahrzeuge/details.html?id=378920676&dam=0&fr=2009%3A2011&isSearchRequest=true&ms=20100%3B17%3B%3B&pageNumber=5&pw=%3A295&ref=srp&refId=f2bd8bb2-a611-8af9-df04-059412b354a6&sb=rel&searchId=f2bd8bb2-a611-8af9-df04-059412b354a6&vc=Car,26/11/2023 20:20:45,378920676
123,Porsche,20100,997,17,https://suchen.mobile.de/fahrzeuge/details.html?id=379029822&action=eyeCatcher&dam=0&fr=2009%3A2011&isSearchRequest=true&ms=20100%3B17%3B%3B&pageNumber=5&pw=%3A295&ref=srp&refId=f2bd8bb2-a611-8af9-df04-059412b354a6&sb=rel&searchId=f2bd8bb2-a611-8af9-df04-059412b354a6&vc=Car,26/11/2023 20:20:45,379029822
124,Porsche,20100,997,17,https://suchen.mobile.de/fahrzeuge/details.html?id=379864870&dam=0&fr=2009%3A2011&isSearchRequest=true&ms=20100%3B17%3B%3B&pageNumber=5&pw=%3A295&ref=srp&refId=f2bd8bb2-a611-8af9-df04-059412b354a6&sb=rel&searchId=f2bd8bb2-a611-8af9-df04-059412b354a6&vc=Car,26/11/2023 20:20:45,379864870
125,Porsche,20100,997,17,https://suchen.mobile.de/fahrzeuge/details.html?id=368087247&dam=0&fr=2009%3A2011&isSearchRequest=true&ms=20100%3B17%3B%3B&pageNumber=5&pw=%3A295&ref=srp&refId=f2bd8bb2-a611-8af9-df04-059412b354a6&sb=rel&searchId=f2bd8bb2-a611-8af9-df04-059412b354a6&vc=Car,26/11/2023 20:20:45,368087247
126,Porsche,20100,997,17,https://suchen.mobile.de/fahrzeuge/details.html?id=350885984&dam=0&fr=2009%3A2011&isSearchRequest=true&ms=20100%3B17%3B%3B&pageNumber=5&pw=%3A295&ref=srp&refId=f2bd8bb2-a611-8af9-df04-059412b354a6&sb=rel&searchId=f2bd8bb2-a611-8af9-df04-059412b354a6&vc=Car,26/11/2023 20:20:45,350885984
127,Porsche,20100,997,17,https://suchen.mobile.de/fahrzeuge/details.html?id=371462301&dam=0&fr=2009%3A2011&isSearchRequest=true&ms=20100%3B17%3B%3B&pageNumber=5&pw=%3A295&ref=srp&refId=f2bd8bb2-a611-8af9-df04-059412b354a6&sb=rel&searchId=f2bd8bb2-a611-8af9-df04-059412b354a6&vc=Car,26/11/2023 20:20:45,371462301
128,Porsche,20100,997,17,https://suchen.mobile.de/fahrzeuge/details.html?id=378479933&action=eyeCatcher&dam=0&fr=2009%3A2011&isSearchRequest=true&ms=20100%3B17%3B%3B&pageNumber=5&pw=%3A295&ref=srp&refId=f2bd8bb2-a611-8af9-df04-059412b354a6&sb=rel&searchId=f2bd8bb2-a611-8af9-df04-059412b354a6&vc=Car,26/11/2023 20:20:45,378479933
129,Porsche,20100,997,17,https://suchen.mobile.de/fahrzeuge/details.html?id=374288795&dam=0&fr=2009%3A2011&isSearchRequest=true&ms=20100%3B17%3B%3B&pageNumber=5&pw=%3A295&ref=srp&refId=f2bd8bb2-a611-8af9-df04-059412b354a6&sb=rel&searchId=f2bd8bb2-a611-8af9-df04-059412b354a6&vc=Car,26/11/2023 20:20:45,374288795
130,Porsche,20100,997,17,https://suchen.mobile.de/fahrzeuge/details.html?id=374083070&action=eyeCatcher&dam=0&fr=2009%3A2011&isSearchRequest=true&ms=20100%3B17%3B%3B&pageNumber=5&pw=%3A295&ref=srp&refId=f2bd8bb2-a611-8af9-df04-059412b354a6&sb=rel&searchId=f2bd8bb2-a611-8af9-df04-059412b354a6&vc=Car,26/11/2023 20:20:45,374083070
131,Porsche,20100,997,17,https://suchen.mobile.de/fahrzeuge/details.html?id=365743142&dam=0&fr=2009%3A2011&isSearchRequest=true&ms=20100%3B17%3B%3B&pageNumber=4&pw=%3A295&ref=srp&refId=537b12b1-0a75-36e8-aff2-a5ea34f2ee70&sb=rel&searchId=537b12b1-0a75-36e8-aff2-a5ea34f2ee70&vc=Car,26/11/2023 20:20:45,365743142
132,Porsche,20100,997,17,https://suchen.mobile.de/fahrzeuge/details.html?id=380040122&dam=0&fr=2009%3A2011&isSearchRequest=true&ms=20100%3B17%3B%3B&pageNumber=4&pw=%3A295&ref=srp&refId=537b12b1-0a75-36e8-aff2-a5ea34f2ee70&sb=rel&searchId=537b12b1-0a75-36e8-aff2-a5ea34f2ee70&vc=Car,26/11/2023 20:20:45,380040122
133,Porsche,20100,997,17,https://suchen.mobile.de/fahrzeuge/details.html?id=377315716&dam=0&fr=2009%3A2011&isSearchRequest=true&ms=20100%3B17%3B%3B&pageNumber=4&pw=%3A295&ref=srp&refId=537b12b1-0a75-36e8-aff2-a5ea34f2ee70&sb=rel&searchId=537b12b1-0a75-36e8-aff2-a5ea34f2ee70&vc=Car,26/11/2023 20:20:45,377315716
134,Porsche,20100,997,17,https://suchen.mobile.de/fahrzeuge/details.html?id=378329335&dam=0&fr=2009%3A2011&isSearchRequest=true&ms=20100%3B17%3B%3B&pageNumber=4&pw=%3A295&ref=srp&refId=537b12b1-0a75-36e8-aff2-a5ea34f2ee70&sb=rel&searchId=537b12b1-0a75-36e8-aff2-a5ea34f2ee70&vc=Car,26/11/2023 20:20:45,378329335
135,Porsche,20100,997,17,https://suchen.mobile.de/fahrzeuge/details.html?id=370060364&dam=0&fr=2009%3A2011&isSearchRequest=true&ms=20100%3B17%3B%3B&pageNumber=4&pw=%3A295&ref=srp&refId=537b12b1-0a75-36e8-aff2-a5ea34f2ee70&sb=rel&searchId=537b12b1-0a75-36e8-aff2-a5ea34f2ee70&vc=Car,26/11/2023 20:20:45,370060364
136,Porsche,20100,997,17,https://suchen.mobile.de/fahrzeuge/details.html?id=379189801&dam=0&fr=2009%3A2011&isSearchRequest=true&ms=20100%3B17%3B%3B&pageNumber=4&pw=%3A295&ref=srp&refId=537b12b1-0a75-36e8-aff2-a5ea34f2ee70&sb=rel&searchId=537b12b1-0a75-36e8-aff2-a5ea34f2ee70&vc=Car,26/11/2023 20:20:45,379189801
137,Porsche,20100,997,17,https://suchen.mobile.de/fahrzeuge/details.html?id=378313883&dam=0&fr=2009%3A2011&isSearchRequest=true&ms=20100%3B17%3B%3B&pageNumber=4&pw=%3A295&ref=srp&refId=537b12b1-0a75-36e8-aff2-a5ea34f2ee70&sb=rel&searchId=537b12b1-0a75-36e8-aff2-a5ea34f2ee70&vc=Car,26/11/2023 20:20:45,378313883
138,Porsche,20100,997,17,https://suchen.mobile.de/fahrzeuge/details.html?id=375839294&dam=0&fr=2009%3A2011&isSearchRequest=true&ms=20100%3B17%3B%3B&pageNumber=4&pw=%3A295&ref=srp&refId=537b12b1-0a75-36e8-aff2-a5ea34f2ee70&sb=rel&searchId=537b12b1-0a75-36e8-aff2-a5ea34f2ee70&vc=Car,26/11/2023 20:20:45,375839294
139,Porsche,20100,997,17,https://suchen.mobile.de/fahrzeuge/details.html?id=377578309&dam=0&fr=2009%3A2011&isSearchRequest=true&ms=20100%3B17%3B%3B&pageNumber=4&pw=%3A295&ref=srp&refId=537b12b1-0a75-36e8-aff2-a5ea34f2ee70&sb=rel&searchId=537b12b1-0a75-36e8-aff2-a5ea34f2ee70&vc=Car,26/11/2023 20:20:45,377578309
140,Porsche,20100,997,17,https://suchen.mobile.de/fahrzeuge/details.html?id=378298655&dam=0&fr=2009%3A2011&isSearchRequest=true&ms=20100%3B17%3B%3B&pageNumber=4&pw=%3A295&ref=srp&refId=537b12b1-0a75-36e8-aff2-a5ea34f2ee70&sb=rel&searchId=537b12b1-0a75-36e8-aff2-a5ea34f2ee70&vc=Car,26/11/2023 20:20:45,378298655
141,Porsche,20100,997,17,https://suchen.mobile.de/fahrzeuge/details.html?id=369230172&dam=0&fr=2009%3A2011&isSearchRequest=true&ms=20100%3B17%3B%3B&pageNumber=4&pw=%3A295&ref=srp&refId=537b12b1-0a75-36e8-aff2-a5ea34f2ee70&sb=rel&searchId=537b12b1-0a75-36e8-aff2-a5ea34f2ee70&vc=Car,26/11/2023 20:20:45,369230172
142,Porsche,20100,997,17,https://suchen.mobile.de/fahrzeuge/details.html?id=379741354&action=eyeCatcher&dam=0&fr=2009%3A2011&isSearchRequest=true&ms=20100%3B17%3B%3B&pageNumber=4&pw=%3A295&ref=srp&refId=537b12b1-0a75-36e8-aff2-a5ea34f2ee70&sb=rel&searchId=537b12b1-0a75-36e8-aff2-a5ea34f2ee70&vc=Car,26/11/2023 20:20:45,379741354
143,Porsche,20100,997,17,https://suchen.mobile.de/fahrzeuge/details.html?id=378043820&dam=0&fr=2009%3A2011&isSearchRequest=true&ms=20100%3B17%3B%3B&pageNumber=4&pw=%3A295&ref=srp&refId=537b12b1-0a75-36e8-aff2-a5ea34f2ee70&sb=rel&searchId=537b12b1-0a75-36e8-aff2-a5ea34f2ee70&vc=Car,26/11/2023 20:20:45,378043820
144,Porsche,20100,997,17,https://suchen.mobile.de/fahrzeuge/details.html?id=379790781&action=eyeCatcher&dam=0&fr=2009%3A2011&isSearchRequest=true&ms=20100%3B17%3B%3B&pageNumber=4&pw=%3A295&ref=srp&refId=537b12b1-0a75-36e8-aff2-a5ea34f2ee70&sb=rel&searchId=537b12b1-0a75-36e8-aff2-a5ea34f2ee70&vc=Car,26/11/2023 20:20:45,379790781
145,Porsche,20100,997,17,https://suchen.mobile.de/fahrzeuge/details.html?id=377435296&dam=0&fr=2009%3A2011&isSearchRequest=true&ms=20100%3B17%3B%3B&pageNumber=4&pw=%3A295&ref=srp&refId=537b12b1-0a75-36e8-aff2-a5ea34f2ee70&sb=rel&searchId=537b12b1-0a75-36e8-aff2-a5ea34f2ee70&vc=Car,26/11/2023 20:20:45,377435296
146,Porsche,20100,997,17,https://suchen.mobile.de/fahrzeuge/details.html?id=373176856&dam=0&fr=2009%3A2011&isSearchRequest=true&ms=20100%3B17%3B%3B&pageNumber=4&pw=%3A295&ref=srp&refId=537b12b1-0a75-36e8-aff2-a5ea34f2ee70&sb=rel&searchId=537b12b1-0a75-36e8-aff2-a5ea34f2ee70&vc=Car,26/11/2023 20:20:45,373176856
147,Porsche,20100,997,17,https://suchen.mobile.de/fahrzeuge/details.html?id=373472477&dam=0&fr=2009%3A2011&isSearchRequest=true&ms=20100%3B17%3B%3B&pageNumber=4&pw=%3A295&ref=srp&refId=537b12b1-0a75-36e8-aff2-a5ea34f2ee70&sb=rel&searchId=537b12b1-0a75-36e8-aff2-a5ea34f2ee70&vc=Car,26/11/2023 20:20:45,373472477
148,Porsche,20100,997,17,https://suchen.mobile.de/fahrzeuge/details.html?id=378875279&dam=0&fr=2009%3A2011&isSearchRequest=true&ms=20100%3B17%3B%3B&pageNumber=4&pw=%3A295&ref=srp&refId=537b12b1-0a75-36e8-aff2-a5ea34f2ee70&sb=rel&searchId=537b12b1-0a75-36e8-aff2-a5ea34f2ee70&vc=Car,26/11/2023 20:20:45,378875279
149,Porsche,20100,997,17,https://suchen.mobile.de/fahrzeuge/details.html?id=378714911&dam=0&fr=2009%3A2011&isSearchRequest=true&ms=20100%3B17%3B%3B&pageNumber=4&pw=%3A295&ref=srp&refId=537b12b1-0a75-36e8-aff2-a5ea34f2ee70&sb=rel&searchId=537b12b1-0a75-36e8-aff2-a5ea34f2ee70&vc=Car,26/11/2023 20:20:45,378714911
150,Porsche,20100,997,17,https://suchen.mobile.de/fahrzeuge/details.html?id=367030275&dam=0&fr=2009%3A2011&isSearchRequest=true&ms=20100%3B17%3B%3B&pageNumber=4&pw=%3A295&ref=srp&refId=537b12b1-0a75-36e8-aff2-a5ea34f2ee70&sb=rel&searchId=537b12b1-0a75-36e8-aff2-a5ea34f2ee70&vc=Car,26/11/2023 20:20:45,367030275
